,seed,n_doc,k,mean_max_envies,better_off,worse_off,max_dual_1,max_dual_2
0,0,50,1,0.017730801095845256,44.0,46.0,0.0,6233.297866137908
1,0,50,3,0.03249364245123605,44.0,46.0,7.226894768325676e-14,3400.1111190474785
2,0,50,5,0.041029894591276254,44.0,46.0,6.317334691925963e-14,2729.920578589902
3,0,50,10,0.05259615031648191,44.0,46.0,4.502948030841271e-14,2128.180206514498
4,0,50,15,0.06230042951944711,44.0,46.0,0.7945802800214717,1878.5051813471332
5,0,50,20,0.06721747389381283,44.0,46.0,8.433863196184594,1731.3128164653772
6,0,60,1,0.01577539651575757,46.666666666666664,41.66666666666667,4.1468988466391066e-13,7605.6514610858185
7,0,60,3,0.0286272048104521,46.666666666666664,41.66666666666667,2.148029329820711e-13,4148.611963838006
8,0,60,5,0.03529203600005247,46.666666666666664,41.66666666666667,2.8373616793825872e-14,3331.018130890957
9,0,60,10,0.04731992133608044,46.666666666666664,41.66666666666667,1.1472771290222523e-13,2596.7051961996663
10,0,60,15,0.05448420615813486,46.666666666666664,41.66666666666667,4.179738709330179e-14,2292.08683873484
11,0,60,20,0.057757178180889435,46.666666666666664,41.66666666666667,13.371410824637932,2114.3088675359563
12,0,70,1,0.012694939111004201,51.42857142857142,40.0,4.3255988170143666e-13,8870.05843592744
13,0,70,3,0.02319784088689701,51.42857142857142,40.0,8.783203702209574e-14,4838.290701880987
14,0,70,5,0.02901113348575892,51.42857142857142,40.0,1.600511385880693e-13,3884.7557370262734
15,0,70,10,0.03869336997458741,51.42857142857142,40.0,0.0008039838743481691,3028.331763535711
16,0,70,15,0.04553973745247977,51.42857142857142,40.0,9.329399918229156e-14,2673.140013173013
17,0,70,20,0.048047988865559194,51.42857142857142,40.0,8.081521798694216e-14,2465.460671949534
18,0,80,1,0.011734707922131566,51.24999999999999,41.25,4.532863751185021e-13,9793.609439145597
19,0,80,3,0.021514648195715736,51.24999999999999,41.25,2.48239839166797e-13,5341.994900080536
20,0,80,5,0.02679976177254839,51.24999999999999,41.25,6.966854648480388e-14,4289.229615790559
21,0,80,10,0.03437354406539433,51.24999999999999,41.25,1.1195524209684782e-13,3343.677943162185
22,0,80,15,0.03894547576267348,51.24999999999999,41.25,9.298919487534262e-14,2951.4476287080415
23,0,80,20,0.04222753456534421,51.24999999999999,41.25,3.102043701953654e-05,2722.1535022952276
24,0,90,1,0.01115134571504614,52.22222222222223,43.333333333333336,4.799850859997118e-13,10411.830911487412
25,0,90,3,0.020447605299180223,52.22222222222223,43.333333333333336,9.191113390677077e-14,5679.5639631608665
26,0,90,5,0.02546663423251964,52.22222222222223,43.333333333333336,1.7428140464703466e-13,4560.168126261116
27,0,90,10,0.032651385848956146,52.22222222222223,43.333333333333336,1.1518176761785814e-13,3554.946360328041
28,0,90,15,0.03700298262960151,52.22222222222223,43.333333333333336,5.643404435114695e-06,3137.9213559000323
29,0,90,20,0.04011917246589593,52.22222222222223,43.333333333333336,0.00010039855417836505,2894.0225491992933
30,1,50,1,0.017669963311749203,46.0,44.0,0.0,6186.281721448926
31,1,50,3,0.0328450446517962,46.0,44.0,7.728463082784005e-14,3374.3428664153726
32,1,50,5,0.0416627602520329,46.0,44.0,5.075464846080907e-14,2709.380275288086
33,1,50,10,0.05284686698374485,46.0,44.0,4.84353000443795e-14,2112.1380645651248
34,1,50,15,0.06173121816735198,46.0,44.0,1.2062247237547354,1864.3351623667936
35,1,50,20,0.06727625764450668,46.0,44.0,8.478254667150717,1718.2546479577193
36,1,60,1,0.015853538504060093,45.0,43.333333333333336,4.064371694072589e-13,7582.379353010185
37,1,60,3,0.027770057306488533,45.0,43.333333333333336,0.0,4135.868980740449
38,1,60,5,0.03502163577811789,45.0,43.333333333333336,2.7712370926247556e-14,3320.8275882046473
39,1,60,10,0.04721647279999674,45.0,43.333333333333336,1.1151957266897614e-13,2588.763439437808
40,1,60,15,0.054735184812858294,45.0,43.333333333333336,4.180578815783812e-14,2285.0707303871463
41,1,60,20,0.058829533184212496,45.0,43.333333333333336,14.083051301700634,2108.1470436840655
42,1,70,1,0.012645623162004028,51.42857142857142,40.0,4.3259898343661783e-13,8779.8625805148
43,1,70,3,0.023161705683253004,51.42857142857142,40.0,2.16967974536523e-13,4788.891138736951
44,1,70,5,0.0287473036172805,51.42857142857142,40.0,2.918606185019713e-14,3845.148051471576
45,1,70,10,0.03885185233017051,51.42857142857142,40.0,0.00028870961913206317,2997.299539577715
46,1,70,15,0.04508802313584963,51.42857142857142,40.0,0.0009075539091802041,2645.259198131346
47,1,70,20,0.04759709793546007,51.42857142857142,40.0,0.0015297499506008972,2439.6113104236147
48,1,80,1,0.011722198514715808,52.5,42.5,4.521751955714754e-13,9689.981141609527
49,1,80,3,0.021491312274890834,52.5,42.5,2.3768525030339136e-13,5285.383994568415
50,1,80,5,0.02677056056097684,52.5,42.5,1.6666031335271552e-13,4243.815160735531
51,1,80,10,0.03433495937030191,52.5,42.5,1.1037319115009451e-13,3308.328809153724
52,1,80,15,0.038898421006400806,52.5,42.5,9.501345300602576e-14,2920.2314099463842
53,1,80,20,0.042174626328821484,52.5,42.5,8.289301463134021e-14,2693.3569885483894
54,1,90,1,0.011105471615205299,51.11111111111111,41.11111111111111,4.77741477344886e-13,10301.813275766395
55,1,90,3,0.02035652371825908,51.11111111111111,41.11111111111111,2.46346901834776e-13,5619.710641444877
56,1,90,5,0.02536172056989935,51.11111111111111,41.11111111111111,1.634791510214929e-13,4512.066119206828
57,1,90,10,0.032527188549475075,51.11111111111111,41.11111111111111,1.239010889255009e-13,3517.4544653476228
58,1,90,15,0.03683885562474206,51.11111111111111,41.11111111111111,8.539630952909473e-05,3104.8179056442523
59,1,90,20,0.039961183525873814,51.11111111111111,41.11111111111111,1.1425699155487956e-05,2863.603457284484
60,2,50,1,0.015849430693546055,46.0,42.0,1.09090340691831e-12,6124.085724621419
61,2,50,3,0.029293165693063478,46.0,42.0,1.8734287766911143e-13,3340.4059482086654
62,2,50,5,0.0387506820505093,46.0,42.0,1.6067576694057748e-13,2682.096184670765
63,2,50,10,0.04715815230927802,46.0,42.0,4.678226682181254e-14,2090.84918833003
64,2,50,15,0.05552650266175219,46.0,42.0,6.435807834300592e-05,1845.580971007952
65,2,50,20,0.06003853200894804,46.0,42.0,7.0212102481855805,1701.6440340071836
66,2,60,1,0.014563543667830903,46.666666666666664,43.333333333333336,4.207372414755248e-13,7621.534475540019
67,2,60,3,0.026045398753094192,46.666666666666664,43.333333333333336,2.2613276069101656e-13,4157.340304640188
68,2,60,5,0.03359392114188923,46.666666666666664,43.333333333333336,6.966845795330347e-14,3337.968000822647
69,2,60,10,0.04381829372000926,46.666666666666664,43.333333333333336,1.1870594325739258e-13,2602.133755039398
70,2,60,15,0.05036238076769694,46.666666666666664,43.333333333333336,8.807851710111749e-14,2296.876570414079
71,2,60,20,0.05397765201658535,46.666666666666664,43.333333333333336,1.351602107346286,2118.4369899135577
72,2,70,1,0.012088929418955067,52.85714285714286,42.857142857142854,4.406517849959191e-13,8880.609161313061
73,2,70,3,0.021606216804124365,52.85714285714286,42.857142857142854,1.9240608334552993e-13,4844.171367853287
74,2,70,5,0.029324351133114063,52.85714285714286,42.857142857142854,1.738432069528192e-13,3889.3346233850802
75,2,70,10,0.03654355488940986,52.85714285714286,42.857142857142854,1.1700973050692851e-13,3031.9550752017635
76,2,70,15,0.04253226970378454,52.85714285714286,42.857142857142854,9.518759247693345e-14,2676.2723635909433
77,2,70,20,0.0445834642785918,52.85714285714286,42.857142857142854,8.097224146392704e-14,2468.386178566431
78,2,80,1,0.011449558988347812,51.24999999999999,40.0,4.664521753860245e-13,9859.91188798935
79,2,80,3,0.020987444120996686,51.24999999999999,40.0,2.313012360134266e-13,5378.127501624119
80,2,80,5,0.026138790991100093,51.24999999999999,40.0,3.0645748960243325e-14,4318.237629921079
81,2,80,10,0.03353455098237178,51.24999999999999,40.0,1.2562168831934652e-13,3366.3459372863504
82,2,80,15,0.03799173652965733,51.24999999999999,40.0,9.721248255690276e-14,2971.4380853516273
83,2,80,20,0.04119186605647156,51.24999999999999,40.0,8.533593455380197e-14,2740.585157153711
84,2,90,1,0.010987622194293762,53.333333333333336,44.44444444444444,4.936996044998313e-13,10457.98043451081
85,2,90,3,0.020144831197201413,53.333333333333336,44.44444444444444,2.208829799603574e-13,5704.496388658677
86,2,90,5,0.025090583329337276,53.333333333333336,44.44444444444444,3.0553299553390133e-14,4580.198989139894
87,2,90,10,0.03218274041299377,53.333333333333336,44.44444444444444,1.189878690499644e-13,3570.617077807356
88,2,90,15,0.03646015798700007,53.333333333333336,44.44444444444444,9.681480513296037e-14,3151.7397045939642
89,2,90,20,0.039531279913778576,53.333333333333336,44.44444444444444,8.437821007200515e-14,2906.877411651718
90,3,50,1,0.01579888861736588,46.0,44.0,1.132504238397362e-12,6691.199278431107
91,3,50,3,0.0288657386711292,46.0,44.0,2.2579695099689962e-13,3649.7109152410776
92,3,50,5,0.036697354168746324,46.0,44.0,1.4714272034178612e-13,2930.437987326352
93,3,50,10,0.047309058027211234,46.0,44.0,4.3720345705909035e-14,2284.458178220377
94,3,50,15,0.05474300025181414,46.0,44.0,8.003969609621151,2015.2316016212942
95,3,50,20,0.058967061537403005,46.0,44.0,7.28695924723078,1858.9568534414623
96,3,60,1,0.01445472811463131,41.66666666666667,43.333333333333336,1.1922059445664593e-12,8149.551202585948
97,3,60,3,0.026132312908596935,41.66666666666667,43.333333333333336,3.8566352782414076e-14,4445.338921258251
98,3,60,5,0.033171070905150715,41.66666666666667,43.333333333333336,6.917541272703869e-14,3569.131025185968
99,3,60,10,0.04248043191056701,41.66666666666667,43.333333333333336,1.1175109836287737e-13,2782.405684920651
100,3,60,15,0.04952232458197882,41.66666666666667,43.333333333333336,9.23787780612707e-14,2456.002166206148
101,3,60,20,0.053562596495738725,41.66666666666667,43.333333333333336,12.664355460591432,2265.9975629242635
102,3,70,1,0.012006726929322437,48.57142857142857,45.714285714285715,1.1879935350521285e-12,9378.17693385004
103,3,70,3,0.021545540143074717,48.57142857142857,45.714285714285715,9.03697959447716e-14,5115.412127812132
104,3,70,5,0.027992651461930283,48.57142857142857,45.714285714285715,7.181267697970141e-14,4107.2486404159945
105,3,70,10,0.03646391689156069,48.57142857142857,45.714285714285715,1.1931526408971175e-13,3201.8576330213327
106,3,70,15,0.04222727892010759,48.57142857142857,45.714285714285715,0.00010895390800799274,2826.2538862882247
107,3,70,20,0.04561364826873247,48.57142857142857,45.714285714285715,21.655953444246443,2606.024231343639
108,3,80,1,0.010696513433560817,51.24999999999999,42.5,4.705527154508413e-13,10267.538541974194
109,3,80,3,0.019609836158274416,51.24999999999999,42.5,2.5118388086075373e-13,5600.435554980717
110,3,80,5,0.024424721502777223,51.24999999999999,42.5,1.854705644169558e-13,4496.864065316393
111,3,80,10,0.03132430417160339,51.24999999999999,42.5,1.2042053083907827e-13,3505.546077261296
112,3,80,15,0.035492881799177776,51.24999999999999,42.5,1.0121168579250804e-13,3094.2839598748005
113,3,80,20,0.03847414816268221,51.24999999999999,42.5,8.43562579015764e-06,2853.8865429993025
114,3,90,1,0.01026043415967198,47.77777777777778,45.55555555555556,4.772003362947075e-13,10863.094765037638
115,3,90,3,0.01880970642180616,47.77777777777778,45.55555555555556,2.337282211974503e-13,5925.321741628717
116,3,90,5,0.023427031644595735,47.77777777777778,45.55555555555556,1.8194148752178415e-13,4757.55606817496
117,3,90,10,0.030049166309171458,47.77777777777778,45.55555555555556,1.188739411099549e-13,3708.7674268233595
118,3,90,15,0.034043094537611895,47.77777777777778,45.55555555555556,2.9874844167097846e-05,3273.7486603157918
119,3,90,20,0.03691219047645252,47.77777777777778,45.55555555555556,0.00012240200598364397,3019.4079870678897
120,4,50,1,0.01534202538721767,44.0,50.0,0.0,5836.339721818132
121,4,50,3,0.02901736720711772,44.0,50.0,7.112512951481409e-14,3183.426870646247
122,4,50,5,0.03692330497167746,44.0,50.0,2.5888779548356933e-14,2556.0175226359215
123,4,50,10,0.046304363904948215,44.0,50.0,4.220507430425513e-14,1992.5854718825292
124,4,50,15,0.05436122699978697,44.0,50.0,0.0007770700130810946,1758.620298172818
125,4,50,20,0.058705416439004086,44.0,50.0,7.691827580271725,1620.5197359480414
126,4,60,1,0.014103281766610158,45.0,46.666666666666664,0.0,7361.711885339295
127,4,60,3,0.02602250774965946,45.0,46.666666666666664,1.9311996959643624e-13,4015.486067648969
128,4,60,5,0.0310663109044939,45.0,46.666666666666664,1.4222082521713995e-13,3224.0921108072407
129,4,60,10,0.04237670994814083,45.0,46.666666666666664,1.0503381161226076e-13,2513.4183926415963
130,4,60,15,0.048951975013071386,45.0,46.666666666666664,4.149562954112859e-14,2218.569997076755
131,4,60,20,0.05333458885787894,45.0,46.666666666666664,14.09868647707747,2046.5314458751932
132,4,70,1,0.011397561304522233,45.714285714285715,41.42857142857143,4.2716625212265596e-13,8559.872308728798
133,4,70,3,0.02070909897062441,45.714285714285715,41.42857142857143,1.8709320536560458e-13,4669.096242189943
134,4,70,5,0.02619440333531767,45.714285714285715,41.42857142857143,6.613072873306528e-14,3748.8544636938705
135,4,70,10,0.035118818401636887,45.714285714285715,41.42857142857143,1.0634080166802908e-13,2922.487915393066
136,4,70,15,0.04026356792962801,45.714285714285715,41.42857142857143,9.451946230693081e-14,2579.6654763903653
137,4,70,20,0.04306030769937261,45.714285714285715,41.42857142857143,8.070507611835877e-14,2379.2512867054693
138,4,80,1,0.010878579982132198,51.24999999999999,41.25,4.4508074560791135e-13,9495.269258543804
139,4,80,3,0.019945299950666885,51.24999999999999,41.25,1.9319276071221527e-13,5179.094063167934
140,4,80,5,0.024839318129010586,51.24999999999999,41.25,1.615812691813676e-13,4158.483600530713
141,4,80,10,0.0318630996513426,51.24999999999999,41.25,1.1387496525531717e-13,3241.848100093064
142,4,80,15,0.03609771632454232,51.24999999999999,41.25,9.492817530445917e-14,2861.54761515244
143,4,80,20,0.03913068915597434,51.24999999999999,41.25,8.251857042675712e-14,2639.229891759268
144,4,90,1,0.01041095642400117,50.0,44.44444444444444,4.805807148241534e-13,10120.085438896993
145,4,90,3,0.019088894279632965,50.0,44.44444444444444,2.0547577596836173e-13,5520.082342815184
146,4,90,5,0.023774876615624073,50.0,44.44444444444444,1.7152572545290951e-13,4432.147443329502
147,4,90,10,0.030492744751785553,50.0,44.44444444444444,1.0889891707857267e-13,3454.821292103484
148,4,90,15,0.03454931454232996,50.0,44.44444444444444,0.0001447310086968468,3048.7943188054714
149,4,90,20,0.03744006327400756,50.0,44.44444444444444,0.00010202230288074604,2811.7142675468695
150,5,50,1,0.015562498896611017,42.0,46.0,0.0,6166.556498277911
151,5,50,3,0.028450469030416183,42.0,46.0,2.0778112573393437e-13,3363.5993014528203
152,5,50,5,0.03697238968029701,42.0,46.0,4.8823513705998595e-14,2700.7463444163645
153,5,50,10,0.04794331988159738,42.0,46.0,4.5136777781990574e-14,2105.3524358515906
154,5,50,15,0.053677888368094416,42.0,46.0,8.60984543289049,1857.8704580587942
155,5,50,20,0.0584705149771388,42.0,46.0,9.011316378214797,1712.8982870002435
156,5,60,1,0.013696498963623021,46.666666666666664,40.0,4.1082638471237863e-13,7655.028874781933
157,5,60,3,0.024645031492156702,46.666666666666664,40.0,0.0,4175.485346117668
158,5,60,5,0.032614526923624994,46.666666666666664,40.0,1.638244078761944e-13,3352.5471218709617
159,5,60,10,0.04108054837476894,46.666666666666664,40.0,1.0107590906122642e-13,2613.5785437346667
160,5,60,15,0.04790966305127017,46.666666666666664,40.0,0.0005312530231751908,2306.9650869532647
161,5,60,20,0.0521116755116834,46.666666666666664,40.0,16.557717642539973,2127.4961882702305
162,5,70,1,0.011150448319580883,52.85714285714286,40.0,4.2722065280533735e-13,8862.022743200907
163,5,70,3,0.021310891352900575,52.85714285714286,40.0,1.9649882159529893e-13,4833.880418996078
164,5,70,5,0.025462115924158826,52.85714285714286,40.0,1.5160801211288082e-13,3881.0852828517313
165,5,70,10,0.0339511952695393,52.85714285714286,40.0,0.0003199215166121509,3025.4835942903433
166,5,70,15,0.03910697498198318,52.85714285714286,40.0,0.0005958118904917301,2670.4371862075504
167,5,70,20,0.04281966097579734,52.85714285714286,40.0,26.919507650021806,2459.850946120597
168,5,80,1,0.01049728788514422,52.5,42.5,4.4397341047817336e-13,9737.485562844526
169,5,80,3,0.019243854510230408,52.5,42.5,8.755872167825211e-14,5311.406831443823
170,5,80,5,0.023967862346546694,52.5,42.5,1.5615798952960276e-13,4264.515787712386
171,5,80,10,0.03074645128396334,52.5,42.5,1.1551049526426492e-13,3324.441634369221
172,5,80,15,0.03482066080396412,52.5,42.5,0.00034387004114639806,2934.181488900248
173,5,80,20,0.037753532375523084,52.5,42.5,0.0015503364016996658,2706.2516638467273
174,5,90,1,0.010038265921948881,48.888888888888886,44.44444444444444,4.766209072695375e-13,10360.347108611086
175,5,90,3,0.018402779275031117,48.888888888888886,44.44444444444444,1.9734785358459275e-13,5651.13129157724
176,5,90,5,0.022918051225059997,48.888888888888886,44.44444444444444,7.07450671923011e-14,4537.4167219786395
177,5,90,10,0.029400330416498956,48.888888888888886,44.44444444444444,1.1172077416205099e-13,3537.188151012321
178,5,90,15,0.033321016100416906,48.888888888888886,44.44444444444444,9.803379456587614e-14,3122.2529209419913
179,5,90,20,0.03612246017247089,48.888888888888886,44.44444444444444,8.244439725192529e-14,2879.687170788136
180,6,50,1,0.01931651658273808,42.0,46.0,0.0,5889.96361794315
181,6,50,3,0.0353140599757507,42.0,46.0,7.430992247350841e-14,3212.700006706587
182,6,50,5,0.043879877001555156,42.0,46.0,6.108280073927879e-14,2579.573593601505
183,6,50,10,0.05709510723155004,42.0,46.0,9.805046827977682e-14,2010.9211516328207
184,6,50,15,0.06597195190904091,42.0,46.0,2.2324659909667403e-05,1775.019720128483
185,6,50,20,0.07205300028248215,42.0,46.0,7.968948974893524,1636.2767701566495
186,6,60,1,0.016862243257933982,45.0,40.0,4.0264038125855717e-13,7362.993418620338
187,6,60,3,0.03019176401609145,45.0,40.0,8.233010123465712e-14,4016.247792527005
188,6,60,5,0.038865096085399044,45.0,40.0,2.812909297787183e-14,3224.7504745607425
189,6,60,10,0.049484790882502454,45.0,40.0,1.1024121454414072e-13,2513.8831882704058
190,6,60,15,0.05777119894689178,45.0,40.0,4.081799798166322e-14,2218.964619992586
191,6,60,20,0.06171128375517135,45.0,40.0,15.2762010501972,2046.9291947258578
192,6,70,1,0.013005119388224849,50.0,38.57142857142858,4.2097030875124927e-13,8538.201279856916
193,6,70,3,0.02543865718195588,50.0,38.57142857142858,2.1243817805146805e-13,4657.321155839686
194,6,70,5,0.029441942648958955,50.0,38.57142857142858,2.880193002655261e-14,3739.4084519698467
195,6,70,10,0.040723172618761946,50.0,38.57142857142858,1.0778892101297995e-13,2915.063178694013
196,6,70,15,0.0468747961004476,50.0,38.57142857142858,8.953423740671196e-14,2573.125495201296
197,6,70,20,0.04966324403880659,50.0,38.57142857142858,7.749406561662675e-14,2373.2211799957336
198,6,80,1,0.012014971234570088,52.5,42.5,4.530758759402129e-13,9484.352785143568
199,6,80,3,0.022027814285459555,52.5,42.5,1.882975148568063e-13,5173.369401438659
200,6,80,5,0.027427744501230217,52.5,42.5,2.900500869322133e-14,4153.815254816708
201,6,80,10,0.03517683019431335,52.5,42.5,1.0868500835020004e-13,3237.9732669511964
202,6,80,15,0.03987626010313394,52.5,42.5,0.00017127696113101415,2857.5574262781543
203,6,80,20,0.04321045463533416,52.5,42.5,0.00021965200677736302,2635.424996571666
204,6,90,1,0.011286835823374981,51.11111111111111,43.333333333333336,4.721809997806878e-13,10090.458425448815
205,6,90,3,0.02069267685661367,51.11111111111111,43.333333333333336,9.200291553000636e-14,5504.116043581275
206,6,90,5,0.02577365317215623,51.11111111111111,43.333333333333336,1.5130293473592577e-13,4419.372159035294
207,6,90,10,0.033059305970228804,51.11111111111111,43.333333333333336,1.1536180150712141e-13,3445.239916858437
208,6,90,15,0.037452397041689,51.11111111111111,43.333333333333336,9.731888078440887e-14,3041.0213817693816
209,6,90,20,0.04060720097998983,51.11111111111111,43.333333333333336,8.702347314850884e-14,2804.772472673659
210,7,50,1,0.01830681899035729,44.0,50.0,0.0,6079.028422414865
211,7,50,3,0.033815608766193,44.0,50.0,2.0933154698031102e-13,3315.834097330309
212,7,50,5,0.043083473513272914,44.0,50.0,5.040765382010049e-14,2662.3579998198816
213,7,50,10,0.054333533795884834,44.0,50.0,4.644663042055775e-14,2075.4778340304047
214,7,50,15,0.06379995880955346,44.0,50.0,2.76506639622201,1832.0097367629014
215,7,50,20,0.06952101411286789,44.0,50.0,8.285151320825067,1690.115385920047
216,7,60,1,0.016243389541542766,41.66666666666667,41.66666666666667,4.0242402370176933e-13,7437.847946819213
217,7,60,3,0.029843545520095806,41.66666666666667,41.66666666666667,8.616575605121664e-14,4057.073947250305
218,7,60,5,0.0367176629900584,41.66666666666667,41.66666666666667,2.8328130527140466e-14,3257.5605757657895
219,7,60,10,0.047236450326705315,41.66666666666667,41.66666666666667,1.1060009413829931e-13,2539.421704285354
220,7,60,15,0.05554884417553543,41.66666666666667,41.66666666666667,4.2423401220484986e-14,2241.511997467969
221,7,60,20,0.05928473997079197,41.66666666666667,41.66666666666667,14.220597807431977,2067.7192784435915
222,7,70,1,0.012821707345324864,50.0,40.0,4.2690232396701283e-13,8674.982488777312
223,7,70,3,0.02436308039558073,50.0,40.0,8.80767994572704e-14,4731.8613105875065
224,7,70,5,0.02970184960967001,50.0,40.0,6.865610073353787e-14,3799.2449117448014
225,7,70,10,0.0394222454610027,50.0,40.0,1.1202822091722851e-13,2961.7750864501554
226,7,70,15,0.04591011732497219,50.0,40.0,0.00016375625116983798,2614.236709464318
227,7,70,20,0.0484667280802957,50.0,40.0,0.0012722075290902892,2410.9562021672855
228,7,80,1,0.01186866770988766,51.24999999999999,41.25,4.4943196729917045e-13,9603.499160560768
229,7,80,3,0.021759757661824936,51.24999999999999,41.25,8.959995960660201e-14,5238.494662138281
230,7,80,5,0.02710082860904291,51.24999999999999,41.25,2.891470608956334e-14,4205.913542017737
231,7,80,10,0.034758834176011236,51.24999999999999,41.25,1.142624233881317e-13,3278.775340677529
232,7,80,15,0.03938357840628494,51.24999999999999,41.25,9.306157735849816e-14,2894.1666981927183
233,7,80,20,0.04270195988691897,51.24999999999999,41.25,8.382123068461812e-14,2669.3160901043852
234,7,90,1,0.011167468693838159,50.0,43.333333333333336,4.795230067916203e-13,10216.946811660217
235,7,90,3,0.020472256248543996,50.0,43.333333333333336,2.2350361474206987e-13,5572.874254114554
236,7,90,5,0.02550291551059351,50.0,43.333333333333336,1.5770225632105828e-13,4474.506465084755
237,7,90,10,0.03271581463430609,50.0,43.333333333333336,1.1576782215329258e-13,3488.1764768058993
238,7,90,15,0.037054494089250156,50.0,43.333333333333336,7.251435309701165e-05,3078.560535431152
239,7,90,20,0.04016725829614312,50.0,43.333333333333336,0.00010847266703964645,2838.9799857935554
240,8,50,1,0.014608280931339347,44.0,44.0,1.1654580197623916e-12,6872.975141497758
241,8,50,3,0.027259251208316453,44.0,44.0,0.0,3748.8416292091288
242,8,50,5,0.03400020811108533,44.0,44.0,6.801898910135344e-14,3010.030134119469
243,8,50,10,0.04422098965392256,44.0,44.0,4.6497259747237586e-14,2346.57683911431
244,8,50,15,0.05023965687914193,44.0,44.0,6.413265370108434,2071.3998393352304
245,8,50,20,0.05417822168299617,44.0,44.0,7.46160763118692,1909.459613575303
246,8,60,1,0.013587698329476549,43.333333333333336,48.333333333333336,1.2105666809692066e-12,8286.841444244252
247,8,60,3,0.024515102510598852,43.333333333333336,48.333333333333336,3.993884284528824e-14,4520.118003006528
248,8,60,5,0.03040426385799911,43.333333333333336,48.333333333333336,7.19566543935822e-14,3629.3042455722325
249,8,60,10,0.03954431856036554,43.333333333333336,48.333333333333336,0.003141214783807722,2829.2512614924553
250,8,60,15,0.04578764876248131,43.333333333333336,48.333333333333336,9.161253608848582e-14,2497.3655929929464
251,8,60,20,0.05016116770871744,43.333333333333336,48.333333333333336,12.207600736493545,2303.615889034868
252,8,70,1,0.01139001193435103,50.0,42.857142857142854,1.1759640435948211e-12,9517.18581669045
253,8,70,3,0.020630326770854024,50.0,42.857142857142854,2.2202644186323571e-13,5191.259583439042
254,8,70,5,0.025691786505719592,50.0,42.857142857142854,1.6359763254044889e-13,4168.170900502095
255,8,70,10,0.03446734627998486,50.0,42.857142857142854,5.3579744790633555e-05,3249.3093999570656
256,8,70,15,0.03959981941659085,50.0,42.857142857142854,0.0030339637671720114,2867.9165382448846
257,8,70,20,0.0430772627880724,50.0,42.857142857142854,5.860795721764308,2644.823305526225
258,8,80,1,0.011113316374224625,50.0,41.25,9.808441954945939e-13,10461.94396380634
259,8,80,3,0.020373594284478012,50.0,41.25,9.648871510505959e-14,5706.409834657206
260,8,80,5,0.02537495944160557,50.0,41.25,1.8544531041329347e-13,4581.871006996114
261,8,80,10,0.032555226077665096,50.0,41.25,1.1378269730926474e-13,3571.8833678045908
262,8,80,15,0.03688195157509259,50.0,41.25,0.00014500528098350594,3152.7588860743085
263,8,80,20,0.03998040860550892,50.0,41.25,0.00027032396441917364,2907.785943420223
264,8,90,1,0.011041654502189809,51.11111111111111,42.22222222222222,4.807050279079595e-13,11037.420054406111
265,8,90,3,0.020244095960161922,51.11111111111111,42.22222222222222,2.0093847909634281e-13,6020.470657388331
266,8,90,5,0.02521056027642855,51.11111111111111,42.22222222222222,7.441447747037444e-14,4834.0363349282
267,8,90,10,0.032340650615673906,51.11111111111111,42.22222222222222,1.165476188658568e-13,3768.4364069999524
268,8,90,15,0.03663889679913098,51.11111111111111,42.22222222222222,9.969628652569671e-14,3326.3266531570443
269,8,90,20,0.039725091210285085,51.11111111111111,42.22222222222222,8.785950400661992e-14,3067.901584880672
270,9,50,1,0.021238463132553474,40.0,48.0,0.0,5570.837456010142
271,9,50,3,0.03830711893295716,40.0,48.0,1.2951628010761146e-13,3038.6686564483166
272,9,50,5,0.04745021770743376,40.0,48.0,4.900212546618875e-14,2439.798005202771
273,9,50,10,0.06203835121734537,40.0,48.0,4.5513783589418933e-14,1901.9642863359034
274,9,50,15,0.07245519323165878,40.0,48.0,3.4860808545409786e-14,1678.8567266010903
275,9,50,20,0.07820975042954498,40.0,48.0,8.553038515276628,1548.8872263358865
276,9,60,1,0.018124661228177907,45.0,40.0,3.799174746356865e-13,7023.943146547627
277,9,60,3,0.03189866387757539,45.0,40.0,7.342991643227611e-14,3831.2261568917975
278,9,60,5,0.03895146017014043,45.0,40.0,2.613538301651014e-14,3076.2141743188795
279,9,60,10,0.05188807933080772,45.0,40.0,1.0136279832183002e-13,2397.9834203919295
280,9,60,15,0.061470125157067956,45.0,40.0,7.507808500147449e-06,2116.7533175150234
281,9,60,20,0.06689545397176826,45.0,40.0,16.522487949248312,1949.479844119153
282,9,70,1,0.01363098042308622,55.714285714285715,35.714285714285715,4.025049997260729e-13,8134.035125871075
283,9,70,3,0.027778320416679228,55.714285714285715,35.714285714285715,1.994575612099476e-13,4436.830425376468
284,9,70,5,0.03063480442165745,55.714285714285715,35.714285714285715,2.691555367220141e-14,3562.2454409462644
285,9,70,10,0.04282546660206953,55.714285714285715,35.714285714285715,3.550028595371618e-14,2777.147429294197
286,9,70,15,0.04902069019748292,55.714285714285715,35.714285714285715,2.8265282263483206e-14,2451.370562267158
287,9,70,20,0.053260330056112075,55.714285714285715,35.714285714285715,2.382409703343218e-14,2260.898768602946
288,9,80,1,0.012278522324943362,53.75,40.0,4.397142621501208e-13,9045.07772933303
289,9,80,3,0.02251084479903125,53.75,40.0,1.8423725138807004e-13,4933.631226909512
290,9,80,5,0.028034702719164972,53.75,40.0,1.50591306180232e-13,3961.373410080679
291,9,80,10,0.03597055969241195,53.75,40.0,1.845721738286802e-14,3088.262934230189
292,9,80,15,0.04072549483993506,53.75,40.0,2.8870542854938064e-14,2725.921854945699
293,9,80,20,0.04419054173009783,53.75,40.0,2.4514061442632437e-14,2514.1519001669294
294,9,90,1,0.011417225627950972,50.0,42.22222222222222,4.58940638057194e-13,9684.518651530998
295,9,90,3,0.020931768620285143,50.0,42.22222222222222,1.9384142844694375e-13,5282.758682487798
296,9,90,5,0.026067845724806846,50.0,42.22222222222222,1.6413929242353048e-13,4241.589946304143
297,9,90,10,0.03343702451997502,50.0,42.22222222222222,1.9514019626319564e-14,3306.692787560768
298,9,90,15,0.03787540996560619,50.0,42.22222222222222,1.5319898050824078e-14,2918.7719772361106
299,9,90,20,0.041074923188933896,50.0,42.22222222222222,1.2978313410932827e-14,2691.999478777999
